<?xml version="1.0" encoding="utf-8"?>
<modification>
    <code>vl_product_prices</code>
    <name>VL Product Prices</name>
    <version>1.0</version>
    <author>VL.Tech</author>

    <!-- PRODUCT CONFIGURATION -->
    <file path="admin/controller/catalog/product.php">
        <operation>
            <search><![CDATA[if (isset($this->request->post['product_special'])) {]]></search>
            <add position="before"><![CDATA[
        // Other Prices
        if (isset($this->request->post['product_prices'])) {
            $product_prices = $this->request->post['product_prices'];
        } elseif (isset($this->request->get['product_id'])) {
            $product_prices = $this->model_catalog_product->getProductPrices($this->request->get['product_id']);
        } else {
            $product_prices = array();
        }

        $data['product_prices'] = array();

        foreach ($product_prices as $product_price) {
            $data['product_prices'][] = array(
                'type'  => $product_price['type'],
                'link'  => $product_price['link'],
                'price' => $product_price['price']
            );
        }
            ]]></add>
        </operation>
        <operation>
        	<search><![CDATA[$this->load->language('catalog/product');]]></search>
        	<add position="before"><![CDATA[$this->load->language('extension/module/vlproductprices');]]></add>
        </operation>
    </file>

    <file path="admin/model/catalog/product.php">
        <operation>
            <search><![CDATA[$this->db->query("DELETE FROM " . DB_PREFIX . "product_special WHERE product_id = '" . (int)$product_id . "'");]]></search>
            <add position="before">
                <![CDATA[
                //Other prices
                $this->db->query("DELETE FROM " . DB_PREFIX . "vlproductprices WHERE product_id = '" . (int)$product_id . "'");
                ]]>
            </add>
        </operation>
        <operation>
            <search><![CDATA[if (isset($data['product_special'])) {]]></search>
            <add position="before">
                <![CDATA[
        //Other prices
        if (isset($data['product_prices'])) {
            foreach ($data['product_prices'] as $product_price) {
                $this->db->query("INSERT INTO " . DB_PREFIX . "vlproductprices SET product_id = '" . (int)$product_id . "', type = '" . $product_price['type'] . "', price = '" . (float)$product_price['price'] . "', link = '" . $product_price['link'] . "'");
            }
        }
                ]]>
            </add>
        </operation>
        <operation>
            <search><![CDATA[$data['product_special'] = $this->getProductSpecials($product_id);]]></search>
            <add position="before">
                <![CDATA[
            //Other prices
            $data['product_prices'] = $this->getProductPrices($product_id);
                ]]>
            </add>
        </operation>
        <operation>
            <search><![CDATA[public function getProductSpecials($product_id) {]]></search>
            <add position="before">
                <![CDATA[
    //Other prices
    public function getProductPrices($product_id) {
        $query = $this->db->query("SELECT * FROM " . DB_PREFIX . "vlproductprices WHERE product_id = '" . (int)$product_id . "'");

        return $query->rows;
    }
                ]]>
            </add>
        </operation>
    </file>

    <file path="admin/view/template/catalog/product_form.twig">
        <operation>
            <search><![CDATA[<li><a href="#tab-design" data-toggle="tab">{{ tab_design }}</a></li>]]></search>
            <add position="after">
                <![CDATA[
            {# Other prices #}
            <li><a href="#tab-prices" data-toggle="tab">{{ tab_prices }}</a></li>
                ]]>
            </add>
        </operation>
        <operation>
            <search><![CDATA[<div class="tab-pane active" id="tab-general">]]></search>
            <add position="before">
                <![CDATA[
            {# Other prices #}
            <div class="tab-pane" id="tab-prices">
              <div class="table-responsive">
                <table id="prices" class="table table-striped table-bordered table-hover">
                  <thead>
                  <tr>
                    <td class="text-left">{{ entry_price_type }}</td>
                    <td class="text-right">{{ entry_price }}</td>
                    <td class="text-right">{{ entry_link }}</td>
                    <td></td>
                  </tr>
                  </thead>
                  <tbody>
                  {% set prices_row = 0 %}
                  {% for product_price in product_prices %}
                  <tr id="prices-row{{ prices_row }}">
                    <td class="text-left"><input type="text" name="product_prices[{{ prices_row }}][type]" value="{{ product_price.type }}" placeholder="{{ entry_price_type }}" class="form-control" /></td>
                    <td class="text-right"><input type="text" name="product_prices[{{ prices_row }}][price]" value="{{ product_price.price }}" placeholder="{{ entry_price }}" class="form-control" /></td>
                    <td class="text-right"><input type="text" name="product_prices[{{ prices_row }}][link]" value="{{ product_price.link }}" placeholder="{{ entry_link }}" class="form-control" /></td>
                    <td class="text-left"><button type="button" onclick="$('#prices-row{{ prices_row }}').remove();" data-toggle="tooltip" title="{{ button_remove }}" class="btn btn-danger"><i class="fa fa-minus-circle"></i></button></td>
                  </tr>
                  {% set prices_row = prices_row + 1 %}
                  {% endfor %}
                  </tbody>
                  <tfoot>
                  <tr>
                    <td colspan="3"></td>
                    <td class="text-left"><button type="button" onclick="addPrices();" data-toggle="tooltip" title="{{ button_prices_add }}" class="btn btn-primary"><i class="fa fa-plus-circle"></i></button></td>
                  </tr>
                  </tfoot>
                </table>
              </div>
            </div>
                ]]>
            </add>
        </operation>
        <operation>
            <search><![CDATA[function addSpecial() {]]></search>
            <add position="before">
                <![CDATA[
var prices_row = {{ prices_row }};

function addPrices() {
  html = '<tr id="prices-row' + prices_row + '">';
  html += '<td class="text-left"><input type="text" name="product_prices[' + prices_row + '][type]" value="" placeholder="{{ entry_price_type }}" class="form-control" /></td>';
  html += '<td class="text-right"><input type="text" name="product_prices[' + prices_row + '][price]" value="" placeholder="{{ entry_price }}" class="form-control" /></td>';
  html += '<td class="text-right"><input type="text" name="product_prices[' + prices_row + '][link]" value="" placeholder="{{ entry_link }}" class="form-control" /></td>';
  html += '<td class="text-left"><button type="button" onclick="$(\'#prices-row' + prices_row + '\').remove();" data-toggle="tooltip" title="{{ button_remove }}" class="btn btn-danger"><i class="fa fa-minus-circle"></i></button></td>';
  html += '</tr>';

  $('#prices tbody').append(html);

  prices_row++;
}
                ]]>
            </add>
        </operation>
    </file>

    <file path="catalog/controller/product/product.php">
        <operation>
            <search><![CDATA[if ((float)$product_info['special']) {]]></search>
            <add position="before"><![CDATA[
            // Other prices
            $data['product_prices'] = array();
            
            if(!empty($this->config->get('module_vlproductprices_status'))) {
                $status = (int) $this->config->get('module_vlproductprices_status');
                if($status) {
                    $this->load->model('catalog/vlproductprices');
                    $product_prices = $this->model_catalog_vlproductprices->getProductPrices($this->request->get['product_id']);
                    if(!empty($product_prices)) {
                        foreach ($product_prices as $product_price) {
                            $data['product_prices'][] = array(
                                'type' => $product_price['type'],
                                'price' => $this->currency->format((float)$product_price['price'], $this->session->data['currency']),
                                'link' => $product_price['link']
                            );
                        }
                    }
                }
            }            
            ]]></add>
        </operation>
    </file>
</modification>