<?xml version="1.0" encoding="utf-8"?>
<modification>
    <code>vl_advance_menu</code>
    <name>VL Advance Menu</name>
    <version>1.0</version>
    <author>VL.Tech</author>

    <!-- Menu Left in Admin -->
    <file path="admin/controller/common/column_left.php">
        <operation>
            <search ><![CDATA[$this->load->language('common/column_left');]]></search>
            <add position="before"><![CDATA[
            $this->load->language('extension/module/vlmenu');
            ]]></add>
        </operation>
        <operation>
            <search ><![CDATA[$catalog = array();]]></search>
            <add position="before"><![CDATA[
            if($this->user->hasPermission('access', 'vltech/advancemenu')) {
                if (!isset($this->request->get['module_id'])) {
                    $menu_editor_link = $this->url->link('vltech/advancemenu/menulist', 'user_token=' . $this->session->data['user_token'], true);
                } else {
                    $menu_editor_link = $this->url->link('vltech/advancemenu/menulist', 'user_token=' . $this->session->data['user_token'] . '&module_id=' . $this->request->get['module_id'], true);
                }

                $data['menus'][] = array(
                    'id'       => 'vltech-advance-menu',
                    'icon'     => 'fa-tasks',
                    'name'     => $this->language->get('page_title'),
                    'href'     => $menu_editor_link
                );
            }
            ]]></add>
        </operation>
    </file>
</modification>